FIPS,ED_frac
36005,1.3607491970581838
36047,0.9137915990458755
36061,0.7290248811278326
36081,1.133530821205189
36085,0.6791593145891388
