FIPS,ED_frac
36005,1.28380411738
36047,0.981467412141
36061,0.708364815835
36081,1.11799766115
36085,0.686298992034
