FIPS,ED_frac
36005,1.36239600178
36047,0.852675509728
36061,0.693979867956
36081,1.22118670502
36085,0.704601214651
